{
    "Mag3": [
        0.7453559924999299,
        0.7453559924999299,
        0.7453559924999299,
        0.7453559924999299,
        0.7453559924999299,
        0.7453559924999299,
        0.7453559924999299,
        0.7453559924999299,
        0.7453559924999299,
        0.7453559924999299,
        0.7453559924999299,
        0.7453559924999299,
        0.7453559924999299,
        0.7453559924999299,
        0.7453559924999299,
        0.7453559924999299,
        0.7453559924999299,
        0.7453559924999299,
        0.7453559924999299,
        0.7453559924999299,
        0.7453559924999299,
        0.7453559924999299,
        0.7453559924999299,
        0.7453559924999299
    ],
    "Pha3": [
        0.4636476090008061,
        1.1071487177940904,
        -1.1071487177940904,
        -0.4636476090008061,
        -2.677945044588987,
        -2.0344439357957027,
        2.0344439357957027,
        2.677945044588987,
        0.4636476090008061,
        1.1071487177940904,
        -1.1071487177940904,
        -0.4636476090008061,
        -2.677945044588987,
        -2.0344439357957027,
        2.0344439357957027,
        2.677945044588987,
        0.4636476090008061,
        1.1071487177940904,
        -1.1071487177940904,
        -0.4636476090008061,
        -2.677945044588987,
        -2.0344439357957027,
        2.0344439357957027,
        2.677945044588987
    ],
    "Pha5": [
        0.7853981633974483,
        -0.26179938779914946,
        -1.8325957145940461,
        -2.879793265790644,
        1.8325957145940461,
        0.7853981633974483,
        -0.7853981633974483,
        -1.8325957145940461,
        2.879793265790644,
        1.8325957145940461,
        0.26179938779914946,
        -0.7853981633974483,
        -2.356194490192345,
        2.879793265790644,
        1.3089969389957472,
        0.26179938779914946,
        -1.3089969389957472,
        -2.356194490192345,
        2.356194490192345,
        1.3089969389957472,
        -0.2617993877991494,
        -1.3089969389957472,
        -2.879793265790644,
        2.356194490192345
    ],
    "Labels": [
        "CMajor",
        "Cminor",
        "C#Major",
        "C#minor",
        "DMajor",
        "Dminor",
        "D#Major",
        "D#minor",
        "EMajor",
        "Eminor",
        "FMajor",
        "Fminor",
        "F#Major",
        "F#minor",
        "GMajor",
        "Gminor",
        "G#Major",
        "G#minor",
        "AMajor",
        "Aminor",
        "A#Major",
        "A#minor",
        "BMajor",
        "Bminor"
    ]
}